{
    "searchParameters": {
        "q": "High Country Health Care address",
        "gl": "us",
        "hl": "en",
        "type": "search",
        "num": 5,
        "engine": "google"
    },
    "organic": [
        {
            "title": "CommonSpirit Primary Care High Country Healthcare Silverthorne",
            "link": "https://www.mountain.commonspirit.org/location/commonspirit-primary-care-high-country-healthcare-silverthorne",
            "snippet": "265 Tanglewood Ln STE E-1 SILVERTHORNE, CO 80498 Phone: 970-468-1003 Fax: 970-262-2196 Get Directions Hours Monday - Friday: 8:",
            "position": 1
        },
        {
            "title": "HIGH COUNTRY HEALTH CARE - Updated April 2025 - 24 Reviews",
            "link": "https://www.yelp.com/biz/high-country-health-care-breckenridge",
            "snippet": "400 N Park Ave. Breckenridge, CO 80424. Directions ; (970) 547-9200. Call Now ; Visit Website. http://www.highcountryhealth.com ...",
            "rating": 2.5,
            "ratingCount": 24,
            "position": 2
        },
        {
            "title": "HIGH COUNTRY HEALTHCARE - Updated March 2025 - Yelp - Yelp",
            "link": "https://www.yelp.com/biz/high-country-healthcare-silverthorne",
            "snippet": "265 Tanglewood Ln. E-1. Silverthorne, CO 80498. Directions ; (970) 468-1003. Call Now ; Visit Website. http://www.highcountryhealthcare.com ...",
            "rating": 2.8,
            "ratingCount": 9,
            "position": 3
        },
        {
            "title": "Medical Services | High Country Community Health | 935 State Farm ...",
            "link": "https://www.highcountrycommunityhealth.com/",
            "snippet": "High Country Community Health provides quality Dental and Medical Services with locations in Boone, Newland, Morganton, Elkin, and Valdese North Carolina.",
            "sitelinks": [
                {
                    "title": "Locations & hours",
                    "link": "https://www.highcountrycommunityhealth.com/departments"
                },
                {
                    "title": "Our Providers",
                    "link": "https://www.highcountrycommunityhealth.com/adultmedicalproviders"
                },
                {
                    "title": "Services",
                    "link": "https://www.highcountrycommunityhealth.com/medical"
                },
                {
                    "title": "Patient portal",
                    "link": "https://www.highcountrycommunityhealth.com/patient-portal"
                }
            ],
            "position": 4
        },
        {
            "title": "High Country Health Care-Breckenridge",
            "link": "https://business.summitchamber.org/list/member/high-country-health-care-breckenridge-breckenridge-4769",
            "snippet": "Categories. Medical, Dermatology, Dental & Nursing Care. 400 North Park Suite 1A Breckenridge CO 80424 \u00b7 (970) 547-9200 \u00b7 (970) 547-4585 \u00b7 Visit Website ...",
            "position": 5
        }
    ],
    "relatedSearches": [
        {
            "query": "High Country primary care"
        },
        {
            "query": "North Country HealthCare"
        },
        {
            "query": "High Country Healthcare Frisco"
        },
        {
            "query": "High Country Healthcare Breckenridge"
        },
        {
            "query": "walk-in clinic breckenridge, co"
        },
        {
            "query": "400 N Park Ave ste 1a Breckenridge CO 80424"
        },
        {
            "query": "360 Peak One drive Frisco CO 80443"
        },
        {
            "query": "Breckenridge Medical Clinic"
        }
    ],
    "credits": 1
}