{
    "searchParameters": {
        "q": "Central Coast Pediatrics address",
        "gl": "us",
        "hl": "en",
        "type": "search",
        "num": 5,
        "engine": "google"
    },
    "organic": [
        {
            "title": "San Luis Obispo - Central Coast Pediatrics",
            "link": "https://www.centralcoastpediatrics.net/Locations/Central-Coast-Pediatrics-San-Luis-Obispo",
            "snippet": "The Central Coast Pediatrics San Luis Obispo office is located at 1235 Osos Street, Suite 100, San Luis Obispo. We are open five days a week.",
            "position": 1
        },
        {
            "title": "Pediatrician | Central Coast Pediatrics | San Luis Obispo, CA ...",
            "link": "https://www.centralcoastpediatrics.net/",
            "snippet": "Central Coast Pediatrics offers comprehensive medical care for children of all ages. We have two offices in Templeton and San Luis Obispo, CA.",
            "position": 2
        },
        {
            "title": "Contact Information | Central Coast Pediatrics | San Luis Obispo, CA",
            "link": "https://www.centralcoastpediatrics.net/Contact-Information",
            "snippet": "If you need to make a same day appointment, please call 805-549-0888 for the San Luis Obispo office and 805-434-3796 for the Templeton office.",
            "position": 3
        },
        {
            "title": "Templeton Pediatrician | Central Coast Pediatrics | Templetton, CA",
            "link": "https://www.centralcoastpediatrics.net/Locations/Central-Coast-Pediatrics-Templeton",
            "snippet": "The Central Coast Pediatrics Templeton office is located at 1320 Las Tablas Road, Suite D, Templeton. We are open five days a week.",
            "position": 4
        },
        {
            "title": "Local Pediatrician | Central Coast Pediatrics | San Luis Obispo, CA",
            "link": "https://www.centralcoastpediatrics.net/Locations",
            "snippet": "Address 1235 Osos Street, Suite 100. San Luis Obispo, CA 93401. Phone 805-549-0888 \u00b7 View Location \u00b7 Templeton, Templeton, CA ...",
            "position": 5
        }
    ],
    "places": [
        {
            "title": "Central Coast Pediatrics",
            "address": "San Luis Obispo, CA",
            "rating": 3.5,
            "ratingCount": 41,
            "cid": "14170082132434848845"
        },
        {
            "title": "Central Coast Pediatrics",
            "address": "Templeton, CA",
            "rating": 3.6,
            "ratingCount": 18,
            "cid": "18082072209135798073"
        }
    ],
    "relatedSearches": [
        {
            "query": "Central Coast Pediatrics doctors"
        },
        {
            "query": "Central Coast Pediatrics Salinas"
        },
        {
            "query": "Central coast pediatrics hours"
        },
        {
            "query": "Central Coast Pediatric Dentistry"
        },
        {
            "query": "Dr Battle central coast Pediatrics"
        },
        {
            "query": "Pismo Beach Pediatrics"
        },
        {
            "query": "Central Coast orthopedics"
        },
        {
            "query": "Central coast pediatrics patient portal"
        }
    ],
    "credits": 1
}