{
    "searchParameters": {
        "q": "Family and Urgent Care address",
        "gl": "us",
        "hl": "en",
        "type": "search",
        "num": 5,
        "engine": "google"
    },
    "organic": [
        {
            "title": "Family Urgent Care: Urgent Care | Emergency Care",
            "link": "https://www.family-urgentcare.com/",
            "snippet": "Family Urgent Care is located in Chillicothe, Heath, Mount Vernon, Bellefontaine, and Columbus, Ohio.",
            "position": 1
        },
        {
            "title": "Urgent Care - Family Health Centers of San Diego",
            "link": "https://www.fhcsd.org/urgent-care/",
            "snippet": "We are here to serve your urgent medical needs on a walk-in, no appointment needed basis from 8 am to 8 pm daily (except Sundays).",
            "attributes": {
                "Missing": "address | Show results with:address"
            },
            "position": 2
        },
        {
            "title": "Urgent Care Chicago | Family Urgent Care Walk-in Clinic Near Me",
            "link": "https://famurgentcare.com/",
            "snippet": "We are open seven days a week in Indiana and Illinois, so you can always count on us whenever you're facing any health issues.",
            "sitelinks": [
                {
                    "title": "Family and Primary Care",
                    "link": "https://famurgentcare.com/family-primary-care/"
                },
                {
                    "title": "DOT Physicals At Urgent Care",
                    "link": "https://famurgentcare.com/dot-physicals-at-urgent-care/"
                },
                {
                    "title": "Abscess And Cysts",
                    "link": "https://famurgentcare.com/abscess-and-cysts/"
                }
            ],
            "position": 3
        },
        {
            "title": "Urgent Care - Rancho Family Medical Group",
            "link": "https://ranchofamilymed.com/urgent-care/",
            "snippet": "31720 Temecula Pkwy. Suite 100 Temecula CA 92592 Office: (951) 225-6838 Hours: M-F 7:30am-8:30pm Saturday: 8:00am-7:00pm Sunday: 12:00pm-9:00pm.",
            "position": 4
        },
        {
            "title": "Bellingham | Clinics & Urgent Care | Skagit & Whatcom",
            "link": "https://www.familycarenetwork.com/clinics/urgent-care-bellingham/",
            "snippet": "Front door of Family Care Network's Bellingham Urgent Care location at 3130 Squalicum Parkway. In-Person Urgent Care.",
            "position": 5
        }
    ],
    "places": [
        {
            "title": "Family Urgent Care",
            "address": "Chicago, IL",
            "rating": 4.8,
            "ratingCount": 1414,
            "cid": "13155796207251832273"
        },
        {
            "title": "Family First Urgent Care",
            "address": "Toms River, NJ",
            "rating": 4.8,
            "ratingCount": 752,
            "cid": "14185884801178726192"
        },
        {
            "title": "Family Urgent Care",
            "address": "Schererville, IN",
            "rating": 4.8,
            "ratingCount": 1410,
            "cid": "3509835244440603063"
        }
    ],
    "relatedSearches": [
        {
            "query": "Urgent care near me"
        },
        {
            "query": "Family Urgent Care Mount Vernon Ohio"
        },
        {
            "query": "urgent care that accepts medi-cal san diego"
        },
        {
            "query": "Family Health Center Urgent care San Diego"
        },
        {
            "query": "Family Urgent care Bellefontaine, Ohio"
        },
        {
            "query": "24 hour Urgent Care San Diego"
        },
        {
            "query": "Ohio health Urgent care Chillicothe Ohio"
        },
        {
            "query": "Family Urgent Care Ohio"
        }
    ],
    "credits": 1
}