{
    "searchParameters": {
        "q": "Kaiser Permanente address",
        "gl": "us",
        "hl": "en",
        "type": "search",
        "num": 5,
        "engine": "google"
    },
    "organic": [
        {
            "title": "Member services locations | Kaiser Permanente",
            "link": "https://healthy.kaiserpermanente.org/support/member-services-locations",
            "snippet": "Address. Antioch Medical Center, 4501 Sand Creek Road, 4th Floor-Room 4S2, Antioch, CA 94531. Dublin Medical Offices and Cancer Center, 3100 Dublin Boulevard ...",
            "position": 1
        },
        {
            "title": "[PDF] California Region Colorado Region Georgia Region",
            "link": "https://healthy.kaiserpermanente.org/content/dam/kporg/final/documents/community-providers/hi/ever/billing-and-payment-provider-mannual-section7-en.pdf",
            "snippet": "7.1.1 KAISER CLAIMS MAILING ADDRESS & PHONE NUMBERS. California Region ... KAISER PERMANENTE. 4'17, KAISER PERMANENTE. Regional Clearinghouse Payer IDs.",
            "position": 2
        },
        {
            "title": "Panorama City Medical Center - Kaiser Permanente",
            "link": "https://healthy.kaiserpermanente.org/southern-california/facilities/panorama-city-medical-center-100071",
            "snippet": "Online and phone services only. Mailing address: Kaiser Permanente Release of Information (ROI) 13652 Cantara St Panorama City, CA 91402. Email: pcroi@kp.org.",
            "sitelinks": [
                {
                    "title": "Urgent Care",
                    "link": "https://healthy.kaiserpermanente.org/southern-california/facilities/Panorama-City-Medical-Center-100071/departments/urgent-care-dlp-100560"
                },
                {
                    "title": "Departments and specialties",
                    "link": "https://healthy.kaiserpermanente.org/southern-california/facilities/panorama-city-medical-center-100071/departments"
                },
                {
                    "title": "Laboratory locations at...",
                    "link": "https://healthy.kaiserpermanente.org/southern-california/facilities/Panorama-City-Medical-Center-100071/departments/laboratory-list"
                }
            ],
            "position": 3
        },
        {
            "title": "Northern California Locations for Member Services Visits",
            "link": "https://healthy.kaiserpermanente.org/northern-california/support/member-services-locations",
            "snippet": "Facilities with Member Services offices, Address ; Antioch Medical Center\ufeff, 4501 Sand Creek Rd., 4th Floor, Room 4S2, Antioch, CA 94531 ; Dublin Medical Offices ...",
            "position": 4
        },
        {
            "title": "Contact us - Kaiser Permanente",
            "link": "https://about.kaiserpermanente.org/commitments-and-impact/healthy-communities/communities-we-serve/colorado-community/contact-us",
            "snippet": "Kaiser Permanente Colorado General patient and member services 303-338-3800 Medical Financial Assistance Program 303-338-3555 866-899-6018",
            "position": 5
        }
    ],
    "images": [
        {
            "title": "Kaiser Permanente Zion Medical Center",
            "imageUrl": "https://healthy.kaiserpermanente.org/content/dam/kporg/final/images/places/medical-facility/scal/zion-medical-center.jpg",
            "link": "https://healthy.kaiserpermanente.org/southern-california/facilities/kaiser-permanente-zion-medical-center-100084"
        },
        {
            "title": "Panorama City Medical Center | Kaiser Permanente",
            "imageUrl": "https://healthy.kaiserpermanente.org/content/dam/kporg/final/images/places/medical-facility/scal/panorama-city-medical-center.jpg",
            "link": "https://healthy.kaiserpermanente.org/southern-california/facilities/panorama-city-medical-center-100071"
        },
        {
            "title": "Los Angeles Medical Center | Kaiser Permanente",
            "imageUrl": "https://healthy.kaiserpermanente.org/content/dam/kporg/final/images/places/medical-facility/scal/los-angeles-medical-center.jpg",
            "link": "https://healthy.kaiserpermanente.org/southern-california/facilities/los-angeles-medical-center-100099"
        },
        {
            "title": "Oakland Medical Center | Kaiser Permanente",
            "imageUrl": "https://healthy.kaiserpermanente.org/content/dam/kporg/final/images/places/medical-facility/ncal/oakland-medical-center.jpg",
            "link": "https://healthy.kaiserpermanente.org/northern-california/facilities/oakland-medical-center-100344"
        },
        {
            "title": "Riverside Medical Center | Kaiser Permanente",
            "imageUrl": "https://healthy.kaiserpermanente.org/content/dam/kporg/final/images/places/medical-facility/scal/riverside-medical-center.jpg",
            "link": "https://healthy.kaiserpermanente.org/southern-california/facilities/riverside-medical-center-100062"
        },
        {
            "title": "Orange County - Anaheim Medical Center | Kaiser Permanente",
            "imageUrl": "https://healthy.kaiserpermanente.org/content/dam/kporg/final/images/places/medical-facility/scal/orange-county-anaheim-medical-center.jpg",
            "link": "https://healthy.kaiserpermanente.org/southern-california/facilities/orange-county-anaheim-medical-center-100173"
        },
        {
            "title": "Orange County - Irvine Medical Center | Kaiser Permanente",
            "imageUrl": "https://healthy.kaiserpermanente.org/content/dam/kporg/final/images/places/medical-facility/scal/orange-county-irvine-medical-center.jpeg",
            "link": "https://healthy.kaiserpermanente.org/southern-california/facilities/orange-county-irvine-medical-center-100619"
        },
        {
            "title": "Largo Medical Center | Kaiser Permanente",
            "imageUrl": "https://healthy.kaiserpermanente.org/content/dam/kporg/final/images/places/medical-facility/mas/largo-medical-center.jpg",
            "link": "https://healthy.kaiserpermanente.org/maryland-virginia-washington-dc/facilities/largo-medical-center-100411"
        },
        {
            "title": "Pasadena Medical Offices | Kaiser Permanente",
            "imageUrl": "https://healthy.kaiserpermanente.org/content/dam/kporg/final/images/places/medical-facility/scal/pasadena-medical-offices.jpg",
            "link": "https://healthy.kaiserpermanente.org/southern-california/facilities/pasadena-medical-offices-100070"
        }
    ],
    "relatedSearches": [
        {
            "query": "Kaiser permanente address california"
        },
        {
            "query": "Kaiser permanente address new york"
        },
        {
            "query": "Kaiser Permanente insurance address Southern California"
        },
        {
            "query": "Kaiser Member Services phone number"
        },
        {
            "query": "Kaiser Southern California claims address"
        },
        {
            "query": "Kaiser permanente address oakland"
        },
        {
            "query": "Kaiser permanente address georgia"
        },
        {
            "query": "Kaiser permanente address Northern California"
        }
    ],
    "credits": 1
}