{
    "searchParameters": {
        "q": "Kaiser Hospital address",
        "gl": "us",
        "hl": "en",
        "type": "search",
        "num": 5,
        "engine": "google"
    },
    "organic": [
        {
            "title": "San Jose Medical Center | Kaiser Permanente",
            "link": "https://healthy.kaiserpermanente.org/northern-california/facilities/san-jose-medical-center-100322",
            "snippet": "Ambulance Billing 250 Hospital Pkwy San Jose, CA 95119 1-800-464-4000 \u00b7 Behavioral Health Education 5755 Cottle Rd, Building 23. San Jose, CA ...",
            "date": "Dec 24, 2024",
            "sitelinks": [
                {
                    "title": "Laboratory",
                    "link": "https://healthy.kaiserpermanente.org/northern-california/facilities/san-jose-medical-center-100322/departments/laboratory-list"
                },
                {
                    "title": "Urgent / After-hours Care",
                    "link": "https://healthy.kaiserpermanente.org/northern-california/facilities/san-jose-medical-center-100322/departments/urgent-care-dlp-102728"
                },
                {
                    "title": "Emergency Medicine",
                    "link": "https://healthy.kaiserpermanente.org/northern-california/facilities/san-jose-medical-center-100322/departments/emergency-medicine-dlp-107362"
                }
            ],
            "position": 1
        },
        {
            "title": "Oakland Medical Center - Kaiser Permanente",
            "link": "https://healthy.kaiserpermanente.org/northern-california/facilities/oakland-medical-center-100344",
            "snippet": "Business Office \u00b7 Hospital and Medical Offices 3600 Broadway, 1st Floor, Department 10. Oakland, CA 94611 \u00b7 Hours. Monday through Friday, 8 a.m. ...",
            "date": "Dec 5, 2024",
            "sitelinks": [
                {
                    "title": "Laboratory locations at...",
                    "link": "https://healthy.kaiserpermanente.org/northern-california/facilities/Oakland-Medical-Center-100344/departments/laboratory-list"
                },
                {
                    "title": "Pharmacy locations at...",
                    "link": "https://healthy.kaiserpermanente.org/northern-california/facilities/Oakland-Medical-Center-100344/departments/pharmacy-list"
                },
                {
                    "title": "Departments and specialties",
                    "link": "https://healthy.kaiserpermanente.org/northern-california/facilities/Oakland-Medical-Center-100344/departments"
                }
            ],
            "position": 2
        },
        {
            "title": "Fresno Medical Center - Kaiser Permanente",
            "link": "https://healthy.kaiserpermanente.org/northern-california/facilities/fresno-medical-center-100363",
            "snippet": "7300 N Fresno St Fresno, CA 93720 Directions Hours Hospital visiting hours: Monday through Sunday, 8 am to 8 pm Emergency services: 7 days, 24 hours.",
            "date": "Dec 2, 2024",
            "position": 3
        },
        {
            "title": "Roseville Medical Center - Kaiser Permanente",
            "link": "https://healthy.kaiserpermanente.org/northern-california/facilities/roseville-medical-center-100331",
            "snippet": "1600 Eureka Rd ... Roseville, CA 95661 ... Directions ... Hours ... Emergency Services: 7 days, 24 hours ... Monday through Friday, 8:30 a.m. to 12:30 ...",
            "date": "Jul 29, 2024",
            "position": 4
        },
        {
            "title": "San Leandro Medical Center | Kaiser Permanente",
            "link": "https://healthy.kaiserpermanente.org/northern-california/facilities/san-leandro-medical-center-301981",
            "snippet": "San Leandro Medical Center, Hospital, Kaiser Permanente facility, 2500 Merced St, San Leandro, CA 94577. Directions. Hours: 7 days open 24 hours.",
            "date": "Oct 9, 2024",
            "sitelinks": [
                {
                    "title": "Laboratory",
                    "link": "https://healthy.kaiserpermanente.org/northern-california/facilities/san-leandro-medical-center-301981/departments/laboratory-dlp-126881"
                },
                {
                    "title": "Urgent / After-hours Care",
                    "link": "https://healthy.kaiserpermanente.org/northern-california/facilities/san-leandro-medical-center-301981/departments/urgent-care-dlp-181189"
                },
                {
                    "title": "Emergency Medicine locations...",
                    "link": "https://healthy.kaiserpermanente.org/northern-california/facilities/San-Leandro-Medical-Center-301981/departments/emergency-medicine-list"
                },
                {
                    "title": "Pharmacy",
                    "link": "https://healthy.kaiserpermanente.org/northern-california/facilities/San-Leandro-Medical-Center-301981/departments/pharmacy-list"
                }
            ],
            "position": 5
        }
    ],
    "relatedSearches": [
        {
            "query": "Kaiser Roseville hospital address"
        },
        {
            "query": "Kaiser Roseville hospital phone number"
        },
        {
            "query": "Kaiser Permanente"
        },
        {
            "query": "Oakland Kaiser hospital"
        },
        {
            "query": "Kaiser hospital visiting hours"
        },
        {
            "query": "Kaiser San Jose map Building 1"
        },
        {
            "query": "Kaiser hospital Roseville"
        },
        {
            "query": "Kaiser San Jose Departments"
        }
    ],
    "credits": 1
}