{
    "searchParameters": {
        "q": "North Coast Oncology and Hematology address",
        "gl": "us",
        "hl": "en",
        "type": "search",
        "num": 5,
        "engine": "google"
    },
    "organic": [
        {
            "title": "NORTH COAST ONCOLOGY & HEMATOLOGY - Yelp - Yelp",
            "link": "https://www.yelp.com/biz/north-coast-oncology-and-hematology-eureka",
            "snippet": "Map \u00b7 1773 Harrison Ave. Eureka, CA 95501. Directions \u00b7 (707) 444-8711. Call Now ...",
            "position": 1
        },
        {
            "title": "NORTH COAST ONCOLOGY & HEMATOLOGY A MEDICAL ...",
            "link": "https://npidb.org/organizations/allopathic_osteopathic_physicians/hematology-oncology_207rh0003x/1497991319.aspx",
            "snippet": "Hematology & Oncology ... NORTH COAST ONCOLOGY & HEMATOLOGY A MEDICAL CORPORATION ... 2426 BUHNE ST EUREKA, CA. HENRY R GREENE, MD 2710 ...",
            "position": 2
        },
        {
            "title": "Oncology and Hematology Care Clinic | Seaside - Providence",
            "link": "https://www.providence.org/locations/or/seaside-hospital/cancer-center-oncology-and-hematology-care-clinic",
            "snippet": "We offer outstanding hematology and cancer care to patients in the Oregon North Coast, with local experts and rapid access to specialists and clinical trials.",
            "rating": 4.9,
            "ratingCount": 102,
            "position": 3
        },
        {
            "title": "CCOH - Central Coast Oncology",
            "link": "https://www.ccohmd.com/ContactUs.html",
            "snippet": "We are conveniently located in the Cypress Medical Center campus surrounding Dominican hospital. Central Coast Oncology & Hematology 1669 Dominican Way Santa ...",
            "position": 4
        },
        {
            "title": "Oncology | North Coast Health Center",
            "link": "https://northcoasthealthcenter.com/specialty/oncology/",
            "snippet": "cCARE California Cancer Associates for Research & Excellence, Hematology, Oncology, Suite D 200 (760) 452-3340 www.ccare.com. North Coast Health Center is home ...",
            "position": 5
        }
    ],
    "places": [
        {
            "title": "North County Oncology",
            "address": "Oceanside, CA",
            "rating": 3.5,
            "ratingCount": 8,
            "cid": "7516301143539599115"
        },
        {
            "title": "Coast Hematology - Oncology Associates Medical Group Inc",
            "address": "Long Beach, CA",
            "rating": 5,
            "ratingCount": 2,
            "cid": "16259359326549581319"
        },
        {
            "title": "Cancer Specialists of North Florida, Palm Coast",
            "address": "Palm Coast, FL",
            "rating": 4.1,
            "ratingCount": 18,
            "cid": "5303595545941754292"
        }
    ],
    "images": [
        {
            "title": "Your TEAM | Hematology Oncology Associates of The Treasure Coast ...",
            "imageUrl": "https://www.hemoncfl.com/wp-content/uploads/2018/03/hoatc-logo-300x156.png",
            "link": "https://www.hemoncfl.com/our-physicians/"
        },
        {
            "title": "UF Health Hematology and Oncology \u2013 North - UF Health Jacksonville",
            "imageUrl": "https://ufhealthjax.org/assets/images/locations/_1200x630_crop_center-center_82_line/Uuf-health-north.jpg",
            "link": "https://ufhealthjax.org/locations/uf-health-hematology-and-oncology-north"
        },
        {
            "title": "Hematology & Medical Oncology: Cancer Care | Cleveland Clinic",
            "imageUrl": "https://my.clevelandclinic.org/-/scassets/images/org/cancer/hematology-oncology.jpg",
            "link": "https://my.clevelandclinic.org/departments/cancer/depts/hematology-medical-oncology"
        },
        {
            "title": "Hematology Oncology Associates of The Treasure Coast | Port St ...",
            "imageUrl": "https://www.hemoncfl.com/wp-content/uploads/2017/10/hero-umbrella.jpg",
            "link": "https://www.hemoncfl.com/"
        },
        {
            "title": "North Port Cancer Center - Florida Cancer Specialists & Research ...",
            "imageUrl": "https://flcancer.com/wp-content/uploads/2021/05/North-Port-Cancer-Center-location-rendering-011524.webp",
            "link": "https://flcancer.com/location/north-port-cancer-center/"
        },
        {
            "title": "St. Petersburg - St. Anthony's - Florida Cancer Specialists ...",
            "imageUrl": "https://flcancer.com/wp-content/uploads/2021/05/St-Petersburg-St-Anthonys-location-photo-2021.jpg",
            "link": "https://flcancer.com/location/st-petersburg-st-anthonys-professional-building/"
        },
        {
            "title": "Ventura County Hematology Oncology Specialists",
            "imageUrl": "http://static1.squarespace.com/static/65a49481244f0b03231775d1/t/66faefb9e23f0959f7b7a48b/1727721402048/Logo+Square.jpg?format=1500w",
            "link": "https://www.venturaoncology.com/"
        },
        {
            "title": "SLO Oncology & Hematology | Dignity Health",
            "imageUrl": "https://www.dignityhealth.org/content/dam/dignity-health/images/central-coast/slo-oncology-and-hematology/facility-photo-7.jpg/_jcr_content/renditions/cq5dam.web.1120.840.jpeg",
            "link": "https://www.dignityhealth.org/central-coast/medical-group/phc/services/slo-oncology-and-hematology"
        },
        {
            "title": "Contact Us | Board Certified Radiation Oncologists in Avondale ...",
            "imageUrl": "https://sa1s3optim.patientpop.com/filters:format(webp)/assets/production/practices/9b5426c30476e5a9501600a88f751ad9b6fd402c/images/2690960.png",
            "link": "https://www.arizonaccc.com/locations"
        }
    ],
    "relatedSearches": [
        {
            "query": "Cleveland Clinic Cancer Center address"
        },
        {
            "query": "North Coast Cancer Center"
        },
        {
            "query": "Sandusky Cancer Center"
        },
        {
            "query": "Cleveland Clinic Cancer Center Locations"
        },
        {
            "query": "Central Coast Oncology"
        },
        {
            "query": "Taussig Cancer Center"
        },
        {
            "query": "Cleveland Clinic legal Department address"
        },
        {
            "query": "Cleveland Clinic Martin North Pharmacy"
        }
    ],
    "credits": 1
}