{
    "searchParameters": {
        "q": "Kaiser Permanente Medical Center address",
        "gl": "us",
        "hl": "en",
        "type": "search",
        "num": 5,
        "engine": "google"
    },
    "organic": [
        {
            "title": "Kaiser Permanente San Diego Medical Center",
            "link": "https://healthy.kaiserpermanente.org/southern-california/facilities/kaiser-permanente-san-diego-medical-center-331581",
            "snippet": "Please note that we can assist you in-person at our office located at 9455 Clairemont Mesa Blvd., San Diego, CA 92123 or at 4650 Palm Ave., San Diego, CA 92154.",
            "sitelinks": [
                {
                    "title": "Pharmacy",
                    "link": "https://healthy.kaiserpermanente.org/southern-california/facilities/Kaiser-Permanente-San-Diego-Medical-Center-331581/departments/pharmacy-dlp-166401"
                },
                {
                    "title": "Emergency Medicine",
                    "link": "https://healthy.kaiserpermanente.org/southern-california/facilities/Kaiser-Permanente-San-Diego-Medical-Center-331581/departments/emergency-medicine-dlp-166409"
                },
                {
                    "title": "Urgent Care",
                    "link": "https://healthy.kaiserpermanente.org/southern-california/facilities/Kaiser-Permanente-San-Diego-Medical-Center-331581/departments/urgent-care-dlp-173705"
                },
                {
                    "title": "Laboratory",
                    "link": "https://healthy.kaiserpermanente.org/southern-california/facilities/Kaiser-Permanente-San-Diego-Medical-Center-331581/departments/laboratory-dlp-166423"
                }
            ],
            "position": 1
        },
        {
            "title": "San Jose Medical Center | Kaiser Permanente",
            "link": "https://healthy.kaiserpermanente.org/northern-california/facilities/san-jose-medical-center-100322",
            "snippet": "About this facility \u00b7 San Jose Building 1 Pharmacy - 276 International Circle, Floor 1 \u00b7 San Jose Building 3 Pharmacy - 270 International Circle",
            "date": "Dec 24, 2024",
            "sitelinks": [
                {
                    "title": "Laboratory",
                    "link": "https://healthy.kaiserpermanente.org/northern-california/facilities/san-jose-medical-center-100322/departments/laboratory-list"
                },
                {
                    "title": "Urgent / After-hours Care",
                    "link": "https://healthy.kaiserpermanente.org/northern-california/facilities/san-jose-medical-center-100322/departments/urgent-care-dlp-102728"
                },
                {
                    "title": "Emergency Medicine",
                    "link": "https://healthy.kaiserpermanente.org/northern-california/facilities/san-jose-medical-center-100322/departments/emergency-medicine-dlp-107362"
                }
            ],
            "position": 2
        },
        {
            "title": "Fresno Medical Center - Kaiser Permanente",
            "link": "https://healthy.kaiserpermanente.org/northern-california/facilities/fresno-medical-center-100363",
            "snippet": "7300 N Fresno St Fresno, CA 93720 Directions Hours Hospital visiting hours: Monday through Sunday, 8 am to 8 pm Emergency services: 7 days, 24 hours.",
            "date": "Dec 2, 2024",
            "position": 3
        },
        {
            "title": "San Francisco Medical Center | Kaiser Permanente",
            "link": "https://healthy.kaiserpermanente.org/northern-california/facilities/san-francisco-medical-center-100328",
            "snippet": "2425 Geary Blvd, San Francisco, CA 94115 Directions Hours Emergency services, 7 days open 24 hours Phone Numbers Advice/appointments",
            "date": "Jul 29, 2024",
            "position": 4
        },
        {
            "title": "Santa Clara Medical Center - Kaiser Permanente",
            "link": "https://healthy.kaiserpermanente.org/northern-california/facilities/santa-clara-medical-center-100305",
            "snippet": "700 Lawrence Expy Santa Clara, CA 95051. Directions. Hours: 7 days open 24 hours. Phone Numbers: Appointments/Cancellations/Information From Santa Cruz County.",
            "sitelinks": [
                {
                    "title": "Santa Clara Medical Center",
                    "link": "https://healthy.kaiserpermanente.org/northern-california/facilities/santa-clara-medical-center-100305#:~:text=Santa%20Clara%20Medical%20Center,-Hospital"
                },
                {
                    "title": "Service At A Glance",
                    "link": "https://healthy.kaiserpermanente.org/northern-california/facilities/santa-clara-medical-center-100305#:~:text=Service%20at%20a%20glance"
                },
                {
                    "title": "About This Facility",
                    "link": "https://healthy.kaiserpermanente.org/northern-california/facilities/santa-clara-medical-center-100305#:~:text=About%20this%20facility"
                }
            ],
            "position": 5
        }
    ],
    "places": [
        {
            "title": "Kaiser Permanente Downey Medical Center",
            "address": "Downey, CA",
            "cid": "16972245138918775306"
        },
        {
            "title": "Kaiser Permanente Los Angeles Medical Center",
            "address": "Los Angeles, CA",
            "cid": "4159859768528668954"
        },
        {
            "title": "Kaiser Permanente San Diego Medical Center",
            "address": "San Diego, CA",
            "cid": "13901917293918604633"
        }
    ],
    "relatedSearches": [
        {
            "query": "Kaiser San Jose map Building 1"
        },
        {
            "query": "Kaiser hospital phone Number"
        },
        {
            "query": "Kaiser Permanente San Jose Medical Center"
        },
        {
            "query": "Kaiser Permanente San Diego locations"
        },
        {
            "query": "Kaiser San Jose Departments"
        },
        {
            "query": "Kaiser appointment line San Diego"
        },
        {
            "query": "Kaiser Permanente login"
        },
        {
            "query": "Kaiser Permanente Clairemont Mesa"
        }
    ],
    "credits": 1
}