{
    "searchParameters": {
        "q": "Childrens Center for Cancer/Blood Dis website",
        "gl": "us",
        "hl": "en",
        "type": "search",
        "num": 5,
        "engine": "google"
    },
    "organic": [
        {
            "title": "Center for Cancer & Blood Disorders (CCBD)",
            "link": "https://phoenixchildrens.org/specialties-conditions/center-cancer-blood-disorders-ccbd",
            "snippet": "Our Center for Cancer and Blood Disorders (CCBD) is the largest pediatric program of its kind in Arizona. Personalized care to hematology and oncology ...",
            "attributes": {
                "Missing": "website | Show results with:website"
            },
            "position": 1
        },
        {
            "title": "Center for Cancer and Blood Disorders - Children's Hospital Colorado",
            "link": "https://www.childrenscolorado.org/doctors-and-departments/departments/cancer-and-blood-disorders/",
            "snippet": "Our top-ranked hematology, oncology and blood and marrow transplant/cellular therapy programs are leaders in treating pediatric cancers and blood diseases.",
            "sitelinks": [
                {
                    "title": "Hematology and Oncology Team",
                    "link": "https://www.childrenscolorado.org/doctors-and-departments/departments/cancer-and-blood-disorders/care-team/"
                },
                {
                    "title": "Locations",
                    "link": "https://www.childrenscolorado.org/doctors-and-departments/departments/cancer-and-blood-disorders/locations/"
                },
                {
                    "title": "Pediatric Cancer Programs",
                    "link": "https://www.childrenscolorado.org/doctors-and-departments/departments/cancer-and-blood-disorders/programs/"
                }
            ],
            "position": 2
        },
        {
            "title": "Stephen D. Hassenfeld Children's Center for Cancer & Blood ...",
            "link": "https://nyulangone.org/locations/stephen-d-hassenfeld-childrens-center-for-cancer-blood-disorders",
            "snippet": "He provides treatment for children and adolescents with noncancerous blood disorders and cancers such as leukemia, lymphoma, and solid tumors. He also works on ...",
            "position": 3
        },
        {
            "title": "Center for Cancer and Blood Disorders | Phoenix Children's",
            "link": "https://phoenixchildrensfoundation.org/home/center-for-cancer-and-blood-disorders/",
            "snippet": "Phoenix Children's Center for Cancer and Blood Disorders is working toward the day when no family ever loses a child to cancer.",
            "attributes": {
                "Missing": "website | Show results with:website"
            },
            "position": 4
        },
        {
            "title": "Center for Cancer & Blood Disorders - Connecticut Children's",
            "link": "https://www.connecticutchildrens.org/specialties-conditions/hematology-oncology",
            "snippet": "We treat a wide range of pediatric cancers and blood disorders. Find children's hospital hematology and oncology locations in Hartford, Danbury, Farmington, ...",
            "sitelinks": [
                {
                    "title": "Cancer Psychosocial Team",
                    "link": "https://www.connecticutchildrens.org/specialties-conditions/hematology-oncology/cancer-psychosocial-team"
                },
                {
                    "title": "Hemostasis & Thrombosis",
                    "link": "https://www.connecticutchildrens.org/specialties-conditions/hematology-oncology/hemostasis-thrombosis-program"
                },
                {
                    "title": "Cardio-Oncology",
                    "link": "https://www.connecticutchildrens.org/specialties-conditions/hematology-oncology/center-cardio-oncology-and-innovation-cancer-survivors"
                }
            ],
            "position": 5
        }
    ],
    "relatedSearches": [
        {
            "query": "Center for Cancer and blood Disorders Children's Hospital Colorado"
        },
        {
            "query": "Children's Cancer Hospital nyc"
        },
        {
            "query": "Ccmc Hematology Oncology"
        },
        {
            "query": "Children's Hospital Oncology Department"
        },
        {
            "query": "Ccmc Oncology"
        },
        {
            "query": "Ccmc hematology phone number"
        },
        {
            "query": "Phoenix children's hospital Oncology"
        },
        {
            "query": "Phoenix Children's hospital Locations"
        }
    ],
    "credits": 1
}