{
    "searchParameters": {
        "q": "Little Smiles Pediatric Dentistry address",
        "gl": "us",
        "hl": "en",
        "type": "search",
        "num": 5,
        "engine": "google"
    },
    "organic": [
        {
            "title": "Little Smiles Pediatric Dentistry: Pediatric Dentist in Ashburn, VA",
            "link": "https://www.littlesmilesashburn.com/",
            "snippet": "At Little Smiles Pediatric Dentistry, serving Ashburn, Brambleton, and the nearby region, we take a different approach \u2014 patients come first always. Dr.",
            "sitelinks": [
                {
                    "title": "Our Team",
                    "link": "https://www.littlesmilesashburn.com/about-us/our-team"
                },
                {
                    "title": "Our Ashburn Office",
                    "link": "https://www.littlesmilesashburn.com/about-us/our-office"
                },
                {
                    "title": "Contact Us",
                    "link": "https://www.littlesmilesashburn.com/contact"
                },
                {
                    "title": "Preventive Dentistry",
                    "link": "https://www.littlesmilesashburn.com/services/preventive-dentistry"
                }
            ],
            "position": 1
        },
        {
            "title": "Little Smiles: Pediatric Dentists and Orthodontist - Yucaipa ...",
            "link": "https://www.drjlittlesmiles.com/",
            "snippet": "Little Smiles Pediatric Dentistry and Orthodontics is a dental office in Yucaipa, CA serving Beaumont, Redlands, Banning, San Bernadino and Big Bear, CA.",
            "position": 2
        },
        {
            "title": "Little Smiles Pediatric Dentistry - Post Falls",
            "link": "https://www.littlesmilesdental.com/",
            "snippet": "End of dialog window. Little Smiles Pediatric Dentistry 208-777-9331 Website. Dr Brad Barlow. We Are Here to Help. From sealants and cleanings ...",
            "sitelinks": [
                {
                    "title": "Contact",
                    "link": "https://www.littlesmilesdental.com/contact-pediatric-dentist-post-falls-id/"
                },
                {
                    "title": "Pediatric Dental Services",
                    "link": "https://www.littlesmilesdental.com/services/"
                },
                {
                    "title": "Meet Our Doctors",
                    "link": "https://www.littlesmilesdental.com/about-us/meet-our-doctor/"
                },
                {
                    "title": "Financial Options",
                    "link": "https://www.littlesmilesdental.com/patient-info/financial-options/"
                }
            ],
            "position": 3
        },
        {
            "title": "Little Smiles Pediatric Dentistry",
            "link": "https://www.drjennysmiles.com/",
            "snippet": "They even have movies for your little one to watch. They are great.\" -Elizabeth, CEDAR PARK. \u00a92025 Little Smiles Pediatric Dentistry | 205 Denali Pass Dr ...",
            "sitelinks": [
                {
                    "title": "Meet Dr. Jenny",
                    "link": "https://www.drjennysmiles.com/our-difference/meet-dr-jenny/"
                },
                {
                    "title": "Contact Us",
                    "link": "https://www.drjennysmiles.com/contact-us/"
                },
                {
                    "title": "Our Office",
                    "link": "https://www.drjennysmiles.com/our-difference/our-office/"
                },
                {
                    "title": "Meet Our Staff",
                    "link": "https://www.drjennysmiles.com/our-difference/meet-our-staff/"
                }
            ],
            "position": 4
        },
        {
            "title": "Little Smiles Pediatric Dentistry",
            "link": "https://littlesmileslv.com/",
            "snippet": "6169 S. Rainbow Blvd. Suite 100. Las Vegas, NV 89118. Fax: (702) 450-6711. Office Hours: Mon, 9 ...",
            "sitelinks": [
                {
                    "title": "Contact",
                    "link": "https://littlesmileslv.com/contact/"
                },
                {
                    "title": "About",
                    "link": "https://littlesmileslv.com/meet-dr-lalande/"
                },
                {
                    "title": "New Patients",
                    "link": "https://littlesmileslv.com/office-visits/"
                },
                {
                    "title": "General Care",
                    "link": "https://littlesmileslv.com/pediatric-dentistry/"
                }
            ],
            "position": 5
        }
    ],
    "places": [
        {
            "title": "Little Smiles Pediatric Dentistry",
            "address": "Ashburn, VA",
            "rating": 5,
            "ratingCount": 861,
            "cid": "4016663184073198689"
        },
        {
            "title": "Little Smiles Pediatric Dentistry",
            "address": "Las Vegas, NV",
            "rating": 4.5,
            "ratingCount": 327,
            "cid": "373010080632945792"
        },
        {
            "title": "Little Smiles Pediatric Dentistry",
            "address": "Portland, OR",
            "rating": 4.8,
            "ratingCount": 250,
            "cid": "7619044163666806030"
        }
    ],
    "relatedSearches": [
        {
            "query": "Little smile pediatric Dentistry"
        },
        {
            "query": "Pediatric dentist near me"
        },
        {
            "query": "Pediatric dentist Las Vegas Medicaid"
        },
        {
            "query": "Best pediatric dentist Las Vegas"
        },
        {
            "query": "Pediatric dentist Ashburn, VA"
        },
        {
            "query": "Loudoun pediatric Dentistry"
        },
        {
            "query": "Pediatric dentist Leesburg, VA"
        },
        {
            "query": "Little Pediatric Dentistry"
        }
    ],
    "credits": 1
}