{
    "searchParameters": {
        "q": "Ashland Pediatrics website",
        "gl": "us",
        "hl": "en",
        "type": "search",
        "num": 5,
        "engine": "google"
    },
    "organic": [
        {
            "title": "Pediatrics | King's Daughters Health System",
            "link": "https://www.kingsdaughtershealth.com/services/pediatrics/",
            "snippet": "Walk-in care is available at King's Daughters Cedar Knoll Pediatrics , 10650 U.S. Route 60, Ashland 8 to 11:30 a.m. and 1 to 5 p.m. Monday through Thursday and ...",
            "position": 1
        },
        {
            "title": "Ashland Children's Clinic",
            "link": "https://www.accpeds.com/",
            "snippet": "John Roger Potter, MD. Dr. Potter holds BA and MD degrees from the University of Kentucky. He completed his internship and pediatric residency at University ...",
            "position": 2
        },
        {
            "title": "Pediatric Consultants Ashland - Akron Children's",
            "link": "https://www.akronchildrens.org/pages/Ontario-and-Ashland-West-Pediatrics.html",
            "snippet": "Hours for both locations: Monday-Friday 8 a.m.-5 p.m. Ashland West is also open Saturdays from 8:30 a.m.-noon. Your current active patient status has ...",
            "position": 3
        },
        {
            "title": "Pediatrics - Essentia Health-Ashland Clinic",
            "link": "https://www.essentiahealth.org/find-facility/pediatrics-essentia-health-ashland-clinic",
            "snippet": "Explore our patients and visitors section to find information about billing, financial assistance, medical records, patient rights and responsibilities, and ...",
            "position": 4
        },
        {
            "title": "Akron Children's Pediatrics near Ashland, Ohio",
            "link": "https://www.akronchildrens.org/locations/Pediatric-Primary-Care-Ashland.html",
            "snippet": "Pediatric Primary Care, Ashland ; Appointment Phone: 330-543-2778 ; Main Phone: 419-281-3077 ; Toll-free 1-833-543-2778 ...",
            "position": 5
        }
    ],
    "relatedSearches": [
        {
            "query": "Ashland pediatric dentistry"
        },
        {
            "query": "Kdmc Pediatrics"
        },
        {
            "query": "Pediatric Consultants Ontario ohio"
        },
        {
            "query": "Pediatric Consultants Mansfield Ohio"
        },
        {
            "query": "KDMC Pediatric Clinic"
        },
        {
            "query": "KDMC Ashland KY"
        },
        {
            "query": "Pediatric consultants Ashland oh"
        },
        {
            "query": "2340 Carter Ave Ashland KY"
        }
    ],
    "credits": 1
}