{
    "searchParameters": {
        "q": "Mercy Medical Center address",
        "gl": "us",
        "hl": "en",
        "type": "search",
        "num": 5,
        "engine": "google"
    },
    "organic": [
        {
            "title": "Mercy Medical Center - A Top Hospital in Baltimore, Maryland ...",
            "link": "https://mdmercy.com/",
            "snippet": "Mercy Medical Center is a Baltimore, Maryland hospital, with primary care and specialist locations in Canton, Columbia, Ellicott City, Glen Burnie, Hunt Valley ...",
            "sitelinks": [
                {
                    "title": "Find a Doctor",
                    "link": "https://mdmercy.com/find-a-doctor"
                },
                {
                    "title": "Locations Near You",
                    "link": "https://mdmercy.com/locations-near-you"
                },
                {
                    "title": "Careers",
                    "link": "https://careers.mdmercy.com/mercy-home/"
                },
                {
                    "title": "Departments & Services",
                    "link": "https://mdmercy.com/patients-and-visitors/departments-and-services"
                }
            ],
            "position": 1
        },
        {
            "title": "Mercy Medical Center in Anchorage, AK with Reviews - Yellow Pages",
            "link": "https://www.yellowpages.com/anchorage-ak/mercy-medical-center",
            "snippet": "Providence Alaska Medical Center Adult Inpatient Mental Health Unit. 3200 Providence Dr. Anchorage, AK \u00b7 Medical CentersMental Health ...",
            "position": 2
        },
        {
            "title": "Index - CHI Mercy Health - Mercy Medical Center - Roseburg",
            "link": "https://chimercyhealth.com/",
            "snippet": "CHI Mercy Health has grown from its small beginnings over 100 years ago into a major regional state-of-the-art medical center. More than 1,000 nurses, support ...",
            "sitelinks": [
                {
                    "title": "Contact Us",
                    "link": "https://chimercyhealth.com/contact-us/"
                },
                {
                    "title": "Phone Directory",
                    "link": "https://chimercyhealth.com/about-us/phone-directory/"
                },
                {
                    "title": "Infusion Center",
                    "link": "https://chimercyhealth.com/services/infusion-center/"
                },
                {
                    "title": "Sleep Center",
                    "link": "https://chimercyhealth.com/services/sleep-center/"
                }
            ],
            "position": 3
        },
        {
            "title": "St. Louis, MO | Mercy Hospital South",
            "link": "https://www.mercy.net/practice/mercy-hospital-south/",
            "snippet": "We continue providing compassionate medical and specialty care on our South County campus, just west of I-270 on Tesson Ferry Road.",
            "sitelinks": [
                {
                    "title": "Mercy South Gift Shop",
                    "link": "https://www.mercy.net/practice/mercy-hospital-south/flower-and-gift-shop/"
                },
                {
                    "title": "Mercy South Stroke Center",
                    "link": "https://www.mercy.net/practice/mercy-hospital-south/stroke-center/"
                },
                {
                    "title": "Mercy StepOne Service",
                    "link": "https://www.mercy.net/practice/mercy-hospital-south/mercy-stepone-service"
                }
            ],
            "position": 4
        },
        {
            "title": "Mercy Locations - Top Baltimore Hospital",
            "link": "https://mdmercy.com/locations-near-you",
            "snippet": "1609 E. Joppa Road Towson, MD 21286. Foot and Ankle Surgery; Gynecology; Plastic and Reconstructive Surgery; Spine Disorders / Spine ...",
            "sitelinks": [
                {
                    "title": "Glen Burnie - Mercy Personal...",
                    "link": "https://mdmercy.com/locations-near-you/mercy-personal-physicians-at-glen-burnie"
                },
                {
                    "title": "Overlea Personal Physicians",
                    "link": "https://mdmercy.com/locations-near-you/mercy-personal-physicians-at-overlea"
                },
                {
                    "title": "Hunt Valley",
                    "link": "https://mdmercy.com/locations-near-you/mercy-personal-physicians-at-hunt-valley"
                }
            ],
            "position": 5
        }
    ],
    "relatedSearches": [
        {
            "query": "Mercy Medical Center Phone Number"
        },
        {
            "query": "Mercy medical center Roseburg, Oregon"
        },
        {
            "query": "Mercy Medical Center Directory"
        },
        {
            "query": "Mercy Hospital Baltimore address"
        },
        {
            "query": "Mercy Hospital address"
        },
        {
            "query": "Who owns Mercy hospital in Baltimore"
        },
        {
            "query": "directions to mercy hospital baltimore, maryland"
        },
        {
            "query": "Mercy Hospital Baltimore phone Number"
        }
    ],
    "credits": 1
}