{
    "searchParameters": {
        "q": "Kaiser Oncology address",
        "gl": "us",
        "hl": "en",
        "type": "search",
        "num": 5,
        "engine": "google"
    },
    "organic": [
        {
            "title": "Oncology at San Francisco Medical Center - Kaiser Permanente",
            "link": "https://healthy.kaiserpermanente.org/northern-california/facilities/san-francisco-medical-center-100328/departments/oncology-dlp-104956",
            "snippet": "Geary Campus 2238 Geary Blvd, 8th Floor, SE San Francisco, CA 94115. Directions. Hours. Monday through Friday, 8:30 a.m. to 5 p.m.. Phone. Information.",
            "position": 1
        },
        {
            "title": "Cancer Treatment Center at South San Francisco Medical Center",
            "link": "https://healthy.kaiserpermanente.org/northern-california/facilities/south-san-francisco-medical-center-100319/departments/oncology-dlp-130477",
            "snippet": "Location. Kaiser Permanente Cancer Treatment Center 220 Oyster Point Blvd ... It does not have to be a Kaiser Permanente network pharmacy. Most Kaiser ...",
            "position": 2
        },
        {
            "title": "Dublin Medical Offices and Cancer Center - Kaiser Permanente",
            "link": "https://healthy.kaiserpermanente.org/northern-california/facilities/dublin-medical-offices-and-cancer-center-339079",
            "snippet": "3100 Dublin Blvd, 1st Floor Dublin, CA 94568. Get directions. Hours: Monday through Friday, 9 am to 1:30 pm and 2:30 pm to 4:30 pm. Saturday and Sunday, Closed.",
            "date": "Aug 16, 2024",
            "sitelinks": [
                {
                    "title": "Urgent Care available",
                    "link": "https://healthy.kaiserpermanente.org/northern-california/facilities/Dublin-Medical-Offices-and-Cancer-Center-339079/departments/urgent-care-dlp-181125"
                },
                {
                    "title": "Laboratory",
                    "link": "https://healthy.kaiserpermanente.org/northern-california/facilities/Dublin-Medical-Offices-and-Cancer-Center-339079/departments/laboratory-dlp-181091"
                },
                {
                    "title": "Pharmacy",
                    "link": "https://healthy.kaiserpermanente.org/northern-california/facilities/Dublin-Medical-Offices-and-Cancer-Center-339079/departments/pharmacy-dlp-329230"
                },
                {
                    "title": "After-Hours Care",
                    "link": "https://healthy.kaiserpermanente.org/northern-california/facilities/Dublin-Medical-Offices-and-Cancer-Center-339079/departments/urgent-care-dlp-326890"
                }
            ],
            "position": 3
        },
        {
            "title": "Oncology at San Jose Medical Center - Kaiser Permanente",
            "link": "https://healthy.kaiserpermanente.org/northern-california/facilities/san-jose-medical-center-100322/departments/oncology-dlp-102722",
            "snippet": "Get to know your doctors and browse recommended information and helpful online tools on My Doctor Online. Location. Building 3 270 International Cir ...",
            "position": 4
        },
        {
            "title": "Oncology at Skyline Medical Office - Kaiser Permanente",
            "link": "https://healthy.kaiserpermanente.org/oregon-washington/facilities/Skyline-Medical-Office-100252/departments/oncology-dlp-105737",
            "snippet": "Oncology at Skyline Medical Office. By referral only. Location: 5125 Skyline Rd S Salem, OR 97306. Directions. Hours: Monday through Friday, 7:30 am to 5:30 pm.",
            "position": 5
        }
    ],
    "images": [
        {
            "title": "Interstate Radiation Oncology Center | Kaiser Permanente",
            "imageUrl": "https://healthy.kaiserpermanente.org/content/dam/kporg/final/images/places/medical-facility/nw/interstate-radiation-oncology-center.jpg",
            "link": "https://healthy.kaiserpermanente.org/oregon-washington/facilities/interstate-radiation-oncology-center-300154"
        },
        {
            "title": "Local Resources | Kaiser Permanente",
            "imageUrl": "https://healthy.kaiserpermanente.org/content/dam/kporg/final/images/places/medical-facility/nw/NW-cancer-center-signage.jpg",
            "link": "https://healthy.kaiserpermanente.org/oregon-washington/health-wellness/cancer-care/local-resources"
        },
        {
            "title": "Radiation Oncology Center | Kaiser Permanente",
            "imageUrl": "https://healthy.kaiserpermanente.org/content/dam/kporg/final/images/places/medical-facility/scal/radiation-oncology-center.jpg",
            "link": "https://healthy.kaiserpermanente.org/southern-california/facilities/radiation-oncology-center-324981"
        },
        {
            "title": "Los Angeles Medical Center | Kaiser Permanente",
            "imageUrl": "https://healthy.kaiserpermanente.org/content/dam/kporg/final/images/places/medical-facility/scal/los-angeles-medical-center.jpg",
            "link": "https://healthy.kaiserpermanente.org/southern-california/facilities/los-angeles-medical-center-100099"
        },
        {
            "title": "KAISER PERMANENTE CANCER TREATMENT CENTER - Updated April 2025 ...",
            "imageUrl": "https://s3-media0.fl.yelpcdn.com/bphoto/3uzV_vqUGm0rXgIrh1vx8w/348s.jpg",
            "link": "https://m.yelp.com/biz/kaiser-permanente-cancer-treatment-center-south-san-francisco"
        },
        {
            "title": "San Rafael Oncology Services | Kaiser Permanente",
            "imageUrl": "https://healthy.kaiserpermanente.org/static/health/images/facility_directory/photo_none.jpg",
            "link": "https://healthy.kaiserpermanente.org/northern-california/facilities/san-rafael-oncology-services-333681"
        },
        {
            "title": "Local Resources | Kaiser Permanente",
            "imageUrl": "https://healthy.kaiserpermanente.org/content/dam/kporg/jkp/cancer/nw-locations/nw-or-portland-interstate-radiation-oncology-ctr-l-dt.jpg",
            "link": "https://healthy.kaiserpermanente.org/oregon-washington/health-wellness/cancer-care/local-resources"
        },
        {
            "title": "Cancer care \u2013 Care Excellence",
            "imageUrl": "https://i.ytimg.com/vi/S4oXDaCa6PA/maxresdefault.jpg",
            "link": "https://myhealth.kaiserpermanente.org/care-excellence/our-care/cancer-care/"
        },
        {
            "title": "Cancer care | Kaiser Permanente",
            "imageUrl": "https://healthy.kaiserpermanente.org/content/dam/kporg/jkp/cancer/doctor-smiles-while-holding-apple/doctor-smiles-while-holding-apple-l-dt.png",
            "link": "https://healthy.kaiserpermanente.org/colorado/health-wellness/cancer-care"
        }
    ],
    "relatedSearches": [
        {
            "query": "Kaiser Oncology santa Clara"
        },
        {
            "query": "Best oncologist at Kaiser Permanente"
        },
        {
            "query": "Kaiser Oncology Oakland"
        },
        {
            "query": "Kaiser Oncology San Jose"
        },
        {
            "query": "Kaiser Oncology Sacramento"
        },
        {
            "query": "Kaiser San Francisco Oncology"
        },
        {
            "query": "Dublin Kaiser laboratory hours"
        },
        {
            "query": "Kaiser Dublin lab phone number"
        }
    ],
    "credits": 1
}