{
    "searchParameters": {
        "q": "Kaiser Permanente - Peds address",
        "gl": "us",
        "hl": "en",
        "type": "search",
        "num": 5,
        "engine": "google"
    },
    "organic": [
        {
            "title": "Pediatrics at San Jose Medical Center - Kaiser Permanente",
            "link": "https://healthy.kaiserpermanente.org/northern-california/facilities/san-jose-medical-center-100322/departments/pediatrics-dlp-102739",
            "snippet": "You can also call the Medical Board of California at 916-263-2382, or visit their website\ufeff . We want to speak to you in the language that you ...",
            "position": 1
        },
        {
            "title": "Pediatrics at Kaiser Permanente San Diego Medical Center",
            "link": "https://healthy.kaiserpermanente.org/southern-california/facilities/kaiser-permanente-san-diego-medical-center-331581/departments/pediatrics-dlp-166435",
            "snippet": "Pediatrics at Kaiser Permanente San Diego Medical Center. Location: 9455 Clairemont Mesa Blvd, 6th Floor San Diego, CA 92123.",
            "position": 2
        },
        {
            "title": "Pediatrics at San Francisco Medical Center - Kaiser Permanente",
            "link": "https://healthy.kaiserpermanente.org/northern-california/facilities/san-francisco-medical-center-100328/departments/pediatrics-dlp-165111",
            "snippet": "View information about Pediatrics at Kaiser Permanente's San Francisco Medical Center.",
            "position": 3
        },
        {
            "title": "Pediatrics at Oakland Medical Center - Kaiser Permanente",
            "link": "https://healthy.kaiserpermanente.org/northern-california/facilities/oakland-medical-center-100344/departments/pediatrics-dlp-103772",
            "snippet": "Well-child care: 5th Floor, Department 570 6th Floor, Department 670 11th Floor, Department 1174 12th Floor, Department 1270. See also Pediatrics in Alameda ...",
            "position": 4
        },
        {
            "title": "Pediatrics at Santa Clara Medical Center - Kaiser Permanente",
            "link": "https://healthy.kaiserpermanente.org/northern-california/facilities/santa-clara-medical-center-100305/departments/pediatrics-dlp-105458",
            "snippet": "View information about Pediatrics at Kaiser Permanente's Santa Clara Medical Center.",
            "position": 5
        }
    ],
    "places": [
        {
            "title": "Kaiser Permanente Sunnyside Medical Center",
            "address": "Clackamas, OR",
            "cid": "10088258469650416852"
        },
        {
            "title": "Kaiser Permanente Pediatric",
            "address": "Fontana, CA",
            "cid": "3495769386343953416"
        },
        {
            "title": "Kaiser Permanente Sierra Gardens Medical Offices",
            "address": "Roseville, CA",
            "cid": "15588170338353988319"
        }
    ],
    "relatedSearches": [
        {
            "query": "Kaiser Pediatrics phone number"
        },
        {
            "query": "Kaiser Pediatrics San Jose"
        },
        {
            "query": "Kaiser San Jose Pediatrics phone number"
        },
        {
            "query": "Kaiser Pediatrics Milpitas"
        },
        {
            "query": "Kaiser Permanente Pediatrics Fremont"
        },
        {
            "query": "Kaiser Pediatrics Redwood City"
        },
        {
            "query": "Kaiser Pediatrics santa Clara"
        },
        {
            "query": "Kaiser Permanente Sunnyvale"
        }
    ],
    "credits": 1
}