{
    "searchParameters": {
        "q": "Humboldt Medical Specialists Oncology address",
        "gl": "us",
        "hl": "en",
        "type": "search",
        "num": 5,
        "engine": "google"
    },
    "organic": [
        {
            "title": "Humboldt Medical Specialists Hermatology/Oncology - MapQuest",
            "link": "https://www.mapquest.com/us/california/humboldt-medical-specialists-hermatology-oncology-544809671",
            "snippet": "Get more information for Humboldt Medical Specialists Hermatology/Oncology in Eureka, CA. See reviews, map, get the address, and find directions.",
            "position": 1
        },
        {
            "title": "Eureka - Hematology / Oncology | Providence Medical Group",
            "link": "https://www.psjhmedgroups.org/Locations/Eureka-Hematology-Oncology.aspx",
            "snippet": "Eureka - Hematology/Oncology ... 2710 Dolbeer St. Eureka, CA 95501. Get Directions. Find Your Way to the Best Care.",
            "position": 2
        },
        {
            "title": "Humboldt Medical Specialists Oncology - Golocal247",
            "link": "https://m.golocal247.com/biz/humboldt-medical-specialists-oncology/eureka-ca/LOC899345151",
            "snippet": "Humboldt Medical Specialists Oncology. Eureka, CA 95501. 707-267-2060. Map and Directions. To navigate the map with touch gestures double-tap and hold your ...",
            "position": 3
        },
        {
            "title": "HUMBOLDT MEDICAL SPECIALISTS - Updated April 2025 - Yelp",
            "link": "https://www.yelp.com/biz/humboldt-medical-specialists-eureka",
            "snippet": "Map \u00b7 2752 Harrison Ave. Ste A. Eureka, CA 95501 \u00b7 (707) 268-0190. Call Now \u00b7 Payment methods. Does HUMBOLDT MEDICAL SPECIALISTS take credit cards? Yes, HUMBOLDT ...",
            "attributes": {
                "Missing": "Oncology | Show results with:Oncology"
            },
            "rating": 3,
            "ratingCount": 4,
            "position": 4
        },
        {
            "title": "Elie M. Richa, MD | Eureka, CA - Providence",
            "link": "https://www.providence.org/doctors/medical-oncology/ca/eureka/elie-richa-1518937838",
            "snippet": "Elie M. Richa, MD is a specialist in Medical Oncology,Hematology Oncology who has an office at 2710 Dolbeer Street, Eureka, CA 95501 and can be reached at ...",
            "position": 5
        }
    ],
    "places": [
        {
            "title": "Providence Medical Group Eureka - Hematology/Oncology",
            "address": "Eureka, CA",
            "rating": 3.8,
            "ratingCount": 4,
            "cid": "18434878518456658192"
        },
        {
            "title": "Dr. Join Y. Luh, MD",
            "address": "Eureka, CA",
            "rating": 5,
            "ratingCount": 1,
            "cid": "10900033836763669357"
        },
        {
            "title": "Humboldt Medical Specialists - Neurosurgery",
            "address": "Eureka, CA",
            "rating": 5,
            "ratingCount": 2,
            "cid": "4518735378813566440"
        }
    ],
    "images": [
        {
            "title": "Dr Jennifer Jane Choate, MD | Hematology Oncology in Eureka ...",
            "imageUrl": "https://www.psjhmedgroups.org/images/thumbnail.aspx?I=https://kyruus-app-static.kyruus.com/providermatch/phs/photos/orig/choate-jennifer-1326073354.jpg?1694797991809&W=240&H=260&C=TopCenter&F=Expand",
            "link": "https://www.psjhmedgroups.org/Print.aspx?Page=%2FFind-a-Doctor%2FC%2FJennifer-Jane-Choate-MD.aspx"
        },
        {
            "title": "Dr Elie Maroun Richa, MD | Medical Oncology in Eureka",
            "imageUrl": "https://www.psjhmedgroups.org/images/thumbnail.aspx?I=https://cdn-images.kyruus.com/providermatch/phs/photos/orig/richa-elie-1518937838.jpg&W=240&H=260&C=TopCenter&F=Expand",
            "link": "https://www.psjhmedgroups.org/Find-a-Doctor/R/Elie-Maroun-Richa-MD.aspx"
        },
        {
            "title": "Newburgh Medical Oncology",
            "imageUrl": "https://i.ytimg.com/vi/9iMCqeR-VkI/maxresdefault.jpg",
            "link": "https://nycancer.com/locations/newburgh_medical_oncology"
        },
        {
            "title": "HEMATOLOGY-ONCOLOGY PROVIDERS - Woodlands Medical Specialists",
            "imageUrl": "https://woodlandsmed.com/wp-content/uploads/2021/02/Inclan3_cc_bio-292x300.jpg",
            "link": "https://woodlandsmed.com/locations/hematology-oncology-providers/"
        },
        {
            "title": "Madigan Army Medical Center > Health Services > Specialty Care ...",
            "imageUrl": "https://madigan.tricare.mil/portals/104/Images/clinical%20JC/171024-F-NP696-2033.jpg?ver=Uk6-WOhEtEonxP20OaGQxA%3D%3D",
            "link": "https://madigan.tricare.mil/Health-Services/Specialty-Care/Hematology-Oncology"
        },
        {
            "title": "Fred Hutch at UW Medical Center - Northwest | Fred Hutchinson ...",
            "imageUrl": "https://www.fredhutch.org/en/about/fred-hutch-locations/uw-medical-center-northwest/_jcr_content/root/container/image_copy.coreimg.jpeg/1681174520969/nwh-skybridge-18--1-.jpeg",
            "link": "https://www.fredhutch.org/en/about/fred-hutch-locations/uw-medical-center-northwest.html"
        },
        {
            "title": "Oncology & Hematology | Ames & Central Iowa Cancer Care ...",
            "imageUrl": "https://i.ytimg.com/vi/-6ShbuwprCo/maxresdefault.jpg",
            "link": "https://www.mcfarlandclinic.com/specialties/oncology-and-hematology"
        },
        {
            "title": "Fred Hutch at UW Medical Center - Northwest | Fred Hutchinson ...",
            "imageUrl": "https://www.fredhutch.org/content/dam/www/fh_social_default_1200_630.jpg",
            "link": "https://www.fredhutch.org/en/about/fred-hutch-locations/uw-medical-center-northwest.html"
        },
        {
            "title": "Oncology Veterinarian and Pet Cancer Department in Seattle, WA",
            "imageUrl": "https://animalmedicalspecialists.com/wp-content/uploads/2023/06/AMCS-Annex-7002-scaled.jpg",
            "link": "https://animalmedicalspecialists.com/oncology/"
        }
    ],
    "relatedSearches": [
        {
            "query": "Providence Oncology Eureka CA"
        },
        {
            "query": "Providence St Joseph Oncology"
        },
        {
            "query": "St Joseph Hematology Oncology"
        },
        {
            "query": "St josephs Oncology"
        }
    ],
    "credits": 1
}