{
    "searchParameters": {
        "q": "Lidgerwood Health Center website",
        "gl": "us",
        "hl": "en",
        "type": "search",
        "num": 5,
        "engine": "google"
    },
    "organic": [
        {
            "title": "Lidgerwood Medical Center - Kaiser Permanente",
            "link": "https://healthy.kaiserpermanente.org/washington/facilities/lidgerwood-medical-center-338973",
            "snippet": "See full profile of Lidgerwood Medical Center, Spokane, WA for phone number, hours, departments and services.",
            "date": "Jun 4, 2024",
            "position": 1
        },
        {
            "title": "Primary Care at Lidgerwood Medical Center - Kaiser Permanente",
            "link": "https://healthy.kaiserpermanente.org/washington/facilities/lidgerwood-medical-center-338973/departments/family-primary-care-dlp-180411",
            "snippet": "Primary Care at Lidgerwood Medical Center. Location: 6002 N Lidgerwood St Spokane, WA 99208. Directions. Hours: Closed weekends and holidays Monday through ...",
            "position": 2
        },
        {
            "title": "Sanford Lidgerwood Clinic",
            "link": "https://www.sanfordhealth.org/locations/sanford-health-lidgerwood-clinic",
            "snippet": "Sanford Lidgerwood Clinic in Lidgerwood, ND offers a variety of medical services including family medicine, mammography, radiology, obstetrics, ...",
            "position": 3
        },
        {
            "title": "Providence Holy Family Hospital",
            "link": "https://www.providence.org/locations/wa/holy-family-hospital",
            "snippet": "Providence Holy Family Hospital in Spokane, WA offers a full range of medical and surgical services along with specialty support and outpatient services.",
            "sitelinks": [
                {
                    "title": "Contact Us",
                    "link": "https://www.providence.org/locations/wa/holy-family-hospital/patients-and-visitors/contact-us"
                },
                {
                    "title": "Departments",
                    "link": "https://www.providence.org/locations/wa/holy-family-hospital/departments"
                },
                {
                    "title": "Patients and Visitors",
                    "link": "https://www.providence.org/locations/wa/holy-family-hospital/patients-and-visitors"
                },
                {
                    "title": "Emergency Center",
                    "link": "https://www.providence.org/locations/wa/holy-family-hospital/emergency-center"
                }
            ],
            "rating": 4.9,
            "ratingCount": 4646,
            "position": 4
        },
        {
            "title": "Spokane, Washington | Leidos QTC Health Services",
            "link": "https://www.qtcm.com/clinics/spokane-wa",
            "snippet": "Spokane, Washington, USA. 5901 N. Lidgerwood, Suite 119. Spokane, Washington 99208 509-482-0240. spokane building. Services include.",
            "position": 5
        }
    ],
    "relatedSearches": [
        {
            "query": "Lidgerwood Clinic"
        },
        {
            "query": "Kaiser Permanente pharmacy Lidgerwood"
        },
        {
            "query": "South Hill Medical Center"
        },
        {
            "query": "Kaiser Riverfront pharmacy hours"
        },
        {
            "query": "Lidgerwood Spokane WA"
        },
        {
            "query": "What hospitals take Kaiser insurance"
        },
        {
            "query": "Kaiser Bellevue doctors"
        },
        {
            "query": "Kaiser Permanente auburn WA"
        }
    ],
    "credits": 1
}