agency,address_page
Cedar Sinai Medical Ctr,https://www.cedars-sinai.org/contact.html
Northwest Reach Camp,https://campfireinc.org/contact/
Encompass Family Physicians,https://encompassmed.com/locations/lenexa-clinic/
Burn Children Recovery Ctr,https://www.childrensdmc.org/services/burn-center
St. Lukes Charitable Hospital,https://www.slhn.org/development
YWCA Vancouver,https://ywcavan.org/contact
Bozeman Job Service,https://www.careeronestop.org/LocalHelp/AmericanJobCenters/find-american-job-centers-details.aspx?location=MT&radius=25&ct=0&y=0&w=0&e=0&sortcolumns=Location&sortdirections=ASC&curPage=1&pagesize=10&centerID=4268&dist=&locationSelected=0&persist=true
Billings Clinic Ortho Sports Med,https://www.billingsclinic.com/maps-locations/location-profile/?id=145
Indian Health Service,https://www.nmhealth.org/resource/view/19/
Dr. Tom Hickey Office,https://www.atchleyfuneralhome.com/obituaries/Thomas-L-Hickey?obId=2564794
Elko South Bend Health,https://archives.internetscout.org/g24753/f4
University of Utah,https://www.swissrfoo.com/?_=%2Fcontact%2F%23KJWqMdlUlBn%2BP%2BwdHhjkkg%3D%3D
Ninety-Nines,https://www.ninety-nines.org/contact-us.htm
Southern Colorado Clinic,https://www.southerncoloradoclinic.com/contacts/
Dr. John Hutter,https://asmbs.org/about/asmbs-presidents/matthew-hutter/
Mercy Medical Airlift,https://www.mercymedical.org/
NW Medical Rehab Ctr,https://www.uwmedicine.org/locations/uw-medical-center-northwest
CA Pain Medical Center,https://dsmsocceracademy.com/northern-california-health-care/locations/sacramento-va-medical-center
Project Linus,https://www.projectlinus.org/contacts.php
Dr. Mark A. Ward,https://byfaithweunderstand.com/about/
Idaho Falls Pediatrics,https://www.ifpeds.com/contact-us/
Long Beach Memorial,https://www.memorialcare.org/locations/long-beach-medical-center
Richard Brands MD,https://www.pernod-ricard.com/en/locations/usa
Shriners Hospital Spokane,https://www.shrinerschildrens.org/en/locations/spokane
Dr. Richen's Office,https://www.richenseyecenter.com/about/professionals/sharon-richens-md-facs-faao/
Gunville Pediatrics,https://www.childrenscolorado.org/doctors-and-departments/physicians/g/cameron-gunville/
Nat Org of Rare Disorders,https://rarediseases.org/contact/
Children's Hospital Orange County,https://choc.org/locations/choc-childrens-main-campus-orange/
American Lung Association,https://www.lung.org/about-us/contact-us
St. Mary's Hospital,https://www.ssmhealth.com/locations/wisconsin/st-marys-hospital-madison
Samaritan Transplant Service,https://www.legacyhealth.org/Doctors-and-Locations/specialty/transplant-services-good-sam
Cortez Medical,https://cityofcortez.com/165/Helpful-Information-and-Community-Resour
Angel Flight South Central,https://www.angelflightsc.org/contact
Flagstaff Medical Center,https://www.nahealth.com/contact-us/
Cancer Care Northwest,https://www.cancercarenorthwest.com/contact-us/
Carson City Ctr for Independent Living,https://www.carsoncityseniorcenter.org/
Centro Hospitalario International,https://www.dukehealth.org/hospitals/duke-university-hospital
New Horizons Independent Living Ctr,https://nhilc.org/about-us/
Mesquite Valley Christian Church,https://www.keepitmovingdallas.com/sites/default/files/docs/0705_PM_alignment_development_map.pdf
Pennington County Soc Svcs,http://www.snrproject.com/Resource/External_Link?url=http://dss.sd.gov
